Size,AvgComparisons,AvgTime
1000 1000 0.000002
10000 10000 0.000018
100000 100000 0.000248
1000000 1000000 0.002060
10000000 10000000 0.018508
100000000 100000000 0.087588
